conversation,turn,user_message,tools_called,agent_response,memory_reset,facts_after_turn,notes
A_recall_and_followup,1,Is my order delivered on 2026-08-28 eligible for return?,refund_eligibility_tool,"Your order delivered on 2026-08-28 is eligible for return. You are within the standard 15-day return window, as it has been only 4 days since delivery.",FALSE,"{""last_delivery_date"": ""2026-08-28"", ""last_eligibility_result"": true}","Establishes long-term fact via a tool call: refund_eligibility_tool(2026-08-28) -> eligible=True, recorded in long_term_facts."
A_recall_and_followup,2,What if it had arrived damaged instead?,refund_eligibility_tool,"If your order had arrived damaged, it would not be eligible for return. The damaged/defective report must be made within 48 hours of delivery, and since it has been 4 days since delivery, it falls outside that window.",FALSE,"{""last_delivery_date"": ""2026-08-28"", ""last_eligibility_result"": false}","MEMORY RECALL evidence: user did not restate the delivery date. Agent correctly reused 2026-08-28 from long_term_facts and re-called the tool with is_damaged=True, correctly flipping the answer to not-eligible (4 days > 2-day damaged window). This is the exact 'what about if it's damaged instead?' follow-up Phase 5's notes predicted as a gap -- now resolved."
B_planning_decomposition,1,"Can you tell me if my item delivered on 2026-08-10 is returnable, and also estimate delivery for a new order I placed on 2026-09-01 via express shipping?",refund_eligibility_tool; delivery_estimate_tool,"Here are the results for your requests:

1. **Return Eligibility**: The item delivered on 2026-08-10 is **not returnable**. It falls outside the standard 15-day return window, as it was delivered 22 days ago.

2. **Delivery Estimate for New Order**: Your new order placed on 2026-09-01 via express shipping is estimated to arrive between **September 3, 2026, and September 4, 2026**.

If you have any more questions or need further assistance, feel free to ask!",FALSE,"{""last_delivery_date"": ""2026-08-10"", ""last_eligibility_result"": false, ""last_order_date"": ""2026-09-01"", ""last_shipping_method"": ""express"", ""last_delivery_estimate"": ""2026-09-03 to 2026-09-04""}","PLANNING/DECOMPOSITION evidence: single compound turn correctly triggered both refund_eligibility_tool AND delivery_estimate_tool, then combined both results into one numbered answer covering each sub-request."
C_reset,1,Is my order delivered on 2026-08-28 eligible for return?,refund_eligibility_tool,"Your order delivered on 2026-08-28 is eligible for return. You are within the standard 15-day return window, as it has only been 4 days since delivery.",FALSE,"{""last_delivery_date"": ""2026-08-28"", ""last_eligibility_result"": true}","Establishes long-term fact (eligible=True) exactly as in Conversation A, to set up the reset test."
C_reset,2,"Actually, please forget what I told you and start over.",(none),Understood — I've cleared everything from our conversation so far. How can I help you?,TRUE,{},"RESET evidence: reset phrase detected, both short_term and long_term_facts cleared (facts_after_turn = {}), logged as memory_reset=true."
C_reset,3,Is my item still returnable?,(none),"To determine if your item is returnable, I need to know the delivery date of the item. Could you please provide that information?",FALSE,{},"RESET verified: with no date given and memory genuinely cleared, the agent correctly asks for the delivery date again instead of reusing the pre-reset fact -- proving the reset actually removed the data rather than just being unused."
[synthetic] short-term trimming test,1,(n/a — direct trim_messages() call),(none),"Before trimming: 20 messages. After trim_messages(max_tokens=12, strategy='last'): 12 messages retained, starting with: 'filler user turn 4' (oldest turns correctly dropped).",FALSE,{},"TRIMMING evidence: a synthetic 20-message history (10 turns) was passed through trim_messages(max_tokens=12, strategy='last', start_on='human'); exactly 12 messages were retained, correctly starting on a human message (oldest 8 messages dropped) -- proves the short-term memory cap engages independent of whether the 3 demo conversations are long enough to trigger it organically."
