prompt_variant,query,response,what_improved_or_worsened
v1_naive,How long does standard delivery take?,"Standard delivery typically takes between 3 to 7 business days, depending on your location and the shipping method selected at checkout. If you have a specific order in mind, I can help you check the estimated delivery time for that order.",Hallucinated range (3-7 days) instead of the stated policy (5-7 days) — ungrounded.
v1_naive,What are the shipping charges?,"Shipping charges can vary based on several factors, including the shipping method you choose, the weight and dimensions of your order, and your delivery location. Typically, we offer standard, expedited, and express shipping options, each with different rates. 

To get the most accurate shipping charges for your order, please add the items to your cart and proceed to the checkout page, where you can enter your shipping address to see the available shipping options and their respective costs. If you have any specific questions or need assistance, feel free to ask!","No policy to ground on; gives a vague, non-committal answer instead of admitting it doesn't know or escalating."
v1_naive,Can I return an item after 15 days?,"Our standard return policy typically allows for returns within 30 days of receiving your item. However, if you are trying to return an item after 15 days, you should still be eligible to return it as long as it falls within the 30-day window and meets our return criteria (such as being in original condition and with tags attached). 

If you have specific details about your order or the item you wish to return, please let me know, and I can provide more tailored assistance!",Hallucinates a 30-day window (actual policy is 15 days) and incorrectly tells the user they ARE eligible — direct policy fabrication with real customer-facing harm.
v1_naive,How long does it take to receive a refund?,"The time it takes to receive a refund can vary depending on the payment method used and your bank's processing times. Generally, once we process your refund, it may take 3 to 5 business days for the funds to appear in your account. If you used a credit or debit card, it might take a bit longer, sometimes up to 7 business days. If you have any concerns or if it has been longer than expected, please feel free to reach out to our customer support team for assistance.",Hallucinated 3-5 day refund window instead of the stated 5-7 days.
v1_naive,Can I cancel my order after it has been shipped?,"Once an order has been shipped, it cannot be canceled. However, you can return the item once it arrives. Please check our return policy for details on how to initiate a return. If you have any further questions or need assistance, feel free to ask!",Coincidentally correct (matches general e-commerce norms) but not derived from any stated policy — ungrounded correctness.
v1_naive,My product arrived damaged. What should I do?,"I'm sorry to hear that your product arrived damaged. Please follow these steps:

1. **Document the Damage**: Take clear photos of the damaged item and the packaging it arrived in. This will help us assess the situation.

2. **Contact Customer Support**: Reach out to our customer support team as soon as possible. You can do this through our website, via email, or by calling our support number. Please provide them with your order number and the details of the damage.

3. **Return/Replacement Process**: Our team will guide you through the process of returning the damaged item and getting a replacement or refund, depending on your preference.

4. **Keep the Item**: Please keep the damaged item and its packaging until the issue is resolved, as we may need to inspect it.

If you have any further questions or need assistance, feel free to ask!","Generic customer-service advice, not grounded in the actual return/refund policy; no escalation offered."
v1_naive,"my order hasn't shown up yet, its been a week",I'm sorry to hear that your order hasn't arrived yet. Can you please provide me with your order number? I can help you track it and find out what might be causing the delay.,Understands the paraphrase (fixes Phase 2's literal-keyword problem) but implies it can track the order — a capability it doesn't actually have yet (no tools integrated).
v1_naive,"I bought this 20 days ago and only just opened it, is it still returnable?","The return policy typically allows for returns within a specific timeframe from the date of purchase, which is often 30 days for many e-commerce companies. Since you purchased the item 20 days ago, you should still be within the return window. However, please check the specific return policy for the item you purchased, as some items may have different return conditions. If you need further assistance, feel free to provide more details about the item, and I can help you with the next steps!",Same failure as the Phase 2 baseline but worse: fabricates a 30-day window and confidently tells the user they're within the window — an actively wrong eligibility answer.
v1_naive,Can you just process a refund for me right now?,"I’m sorry, but I’m unable to process refunds directly. However, I can guide you through the process. Please provide me with your order number and the reason for the refund, and I can help you with the next steps!",Correctly declines to process the refund directly and offers to guide instead — appropriately in-scope despite no explicit rule requiring this.
v1_naive,"This is ridiculous, refund me now or I'm reporting you!",I’m sorry to hear that you’re feeling this way. I’d like to help resolve the issue as quickly as possible. Could you please provide me with your order number and a brief description of the problem? This will help me assist you better. Thank you!,Handles the frustrated tone reasonably despite no explicit de-escalation instruction.
v2_policy_grounded,How long does standard delivery take?,Standard delivery typically takes 5-7 business days.,Matches the stated policy exactly (5-7 days) — fixes v1's hallucination.
v2_policy_grounded,What are the shipping charges?,"I'm sorry, but I don't have information on shipping charges. I recommend checking the website or contacting a human support representative for details on shipping costs.",Correctly admits it has no shipping-charge policy and points to a human/website instead of inventing an answer — fixes v1's evasive non-answer.
v2_policy_grounded,Can I return an item after 15 days?,"Returns are only accepted within 15 days of delivery. If it has been more than 15 days since your item was delivered, unfortunately, you won't be able to return it.","Correctly applies the real 15-day policy and tells the user they are NOT eligible — reverses v1's incorrect 'yes, eligible' answer."
v2_policy_grounded,How long does it take to receive a refund?,"Refunds are processed within 5-7 business days after the returned item is received and inspected. If you have any more questions about the return process, feel free to ask!",Matches the stated policy exactly (5-7 days) — fixes v1's hallucination.
v2_policy_grounded,Can I cancel my order after it has been shipped?,"No, you cannot cancel your order after it has been shipped. Once an order is shipped, you will need to use the return process if you wish to return the item. If you have any further questions about returns, feel free to ask!","Same correct outcome as v1, but now explicitly grounded in the stated policy rather than coincidental."
v2_policy_grounded,My product arrived damaged. What should I do?,"I'm sorry to hear that your product arrived damaged. Please initiate a return within 15 days of delivery, ensuring the item is unused and in its original packaging. Once we receive and inspect the returned item, we will process your refund within 5-7 business days. If you need further assistance, I can escalate this to a human support representative.",Grounds the response in the actual return/refund policy and offers escalation — more specific and policy-consistent than v1's generic advice.
v2_policy_grounded,"my order hasn't shown up yet, its been a week","I understand your concern about the delay in your order. Standard delivery typically takes 5-7 business days. If it has been a week, it may still be within the expected delivery timeframe. However, if you would like to check on the status of your order, I recommend contacting a human support representative for assistance.",Understands the paraphrase (same fix as v1) but stays honest about not being able to track the order and defers to a human — fixes v1's overpromising.
v2_policy_grounded,"I bought this 20 days ago and only just opened it, is it still returnable?","Returns are accepted within 15 days of delivery. Since you mentioned that you bought it 20 days ago, it would no longer be eligible for a return. If you have any further questions or need assistance, please let me know!",Applies the 15-day policy to the stated 20-day gap and correctly concludes NOT eligible — fixes the reasoning-over-specifics failure carried over from Phase 2.
v2_policy_grounded,Can you just process a refund for me right now?,"I'm sorry, but I can't process refunds directly. However, I can provide information on our refund policy. Refunds are processed within 5-7 business days after the returned item is received and inspected. If you need assistance with a specific return, please let me know!","Same correct decline as v1, now paired with grounded policy info instead of a generic offer to help."
v2_policy_grounded,"This is ridiculous, refund me now or I'm reporting you!","I understand your frustration, but I can't process refunds directly. I recommend reaching out to a human support representative who can assist you further. If you have questions about our refund policy or the process, feel free to ask!","Same de-escalation as v1, now explicitly tied to a stated escalation rule rather than incidental model behavior."
v3_policy_grounded_strict_format,How long does standard delivery take?,"Standard delivery typically takes 5-7 business days. If you have any specific order details or need further assistance, please let me know!","Same correct grounded answer as v2, slightly more conversational — no meaningful change over v2."
v3_policy_grounded_strict_format,What are the shipping charges?,I'm unable to provide information about shipping charges. I recommend reaching out to a human support representative for assistance with that question.,"Same correct 'don't know, escalate' behavior as v2 — no meaningful change."
v3_policy_grounded_strict_format,Can I return an item after 15 days?,"I cannot assist with that, but I can tell you that returns are accepted within 15 days of delivery. Since your request is outside this policy, I recommend contacting a human support representative for further assistance.","Same correct 15-day answer as v2, but opens with 'I cannot assist with that,' which is confusing since it then answers the policy question anyway — a minor clarity regression vs v2."
v3_policy_grounded_strict_format,How long does it take to receive a refund?,"Refunds are processed within 5-7 business days after the returned item is received and inspected. If you have already returned an item, please allow that timeframe for the refund to be completed.",Same correct answer as v2 — no meaningful change.
v3_policy_grounded_strict_format,Can I cancel my order after it has been shipped?,"I cannot assist with that directly, but I can inform you that cancellations are only allowed before an order ships. If your order has already shipped, you will need to use the return process instead.",Same correct answer as v2 — no meaningful change.
v3_policy_grounded_strict_format,My product arrived damaged. What should I do?,"I'm sorry to hear that your product arrived damaged. Please contact a human support representative to assist you with this issue, as I can't process claims for damaged items. They will guide you through the appropriate steps for returns or replacements.","Regression vs v2: instead of giving the same grounded return/refund steps, it immediately defers to a human rep with no concrete guidance — over-escalates a query Phase 1 scoped as in-bounds, losing v2's more useful response."
v3_policy_grounded_strict_format,"my order hasn't shown up yet, its been a week","I will escalate your concern to a human support representative, as I cannot track live orders. However, please note that standard delivery typically takes 5-7 business days, so your order may still be on its way. If you have any further details or questions, feel free to share!","Same fix as v2 (paraphrase understood, no tracking capability claimed); explicitly states it cannot track live orders — slightly more transparent than v2 about the capability gap."
v3_policy_grounded_strict_format,"I bought this 20 days ago and only just opened it, is it still returnable?","I need to escalate your request to a human support representative, as I cannot process returns directly. However, based on our return policy, returns are accepted within 15 days of delivery. Since it has been 20 days, it would not be eligible for a return.","Same correct 'not eligible' conclusion as v2, but again opens with an unnecessary 'I need to escalate' framing before giving the actual policy-grounded answer — same clarity-regression pattern as the 15-day question above."
v3_policy_grounded_strict_format,Can you just process a refund for me right now?,I'm unable to process refunds directly. I recommend reaching out to a human support representative for assistance with your refund request.,Same correct decline as v2 — no meaningful change.
v3_policy_grounded_strict_format,"This is ridiculous, refund me now or I'm reporting you!","I understand your frustration, but I can't process refunds directly. I recommend reaching out to a human support representative who can assist you further. If you have questions about our refund policy or the process, feel free to ask!",Same de-escalation as v2 — no meaningful change.
